Tarih;Saat;Toplam
1.01.2022;00:00;30983,59
1.01.2022;01:00;29672,68
1.01.2022;02:00;28282,42
1.01.2022;03:00;27135,73
1.01.2022;04:00;26491,49
1.01.2022;05:00;26282,82
1.01.2022;06:00;26769,41
1.01.2022;07:00;26905,62
1.01.2022;08:00;27298,85
1.01.2022;09:00;28302,24
1.01.2022;10:00;29068,38
1.01.2022;11:00;30251,12
1.01.2022;12:00;30838,37
1.01.2022;13:00;31364,83
1.01.2022;14:00;31616,24
1.01.2022;15:00;31926,46
1.01.2022;16:00;33035,1
1.01.2022;17:00;35026,48
1.01.2022;18:00;36649,19
1.01.2022;19:00;36170,95
1.01.2022;20:00;35247,11
1.01.2022;21:00;34318,44
1.01.2022;22:00;33469,09
1.01.2022;23:00;31687,57
2.01.2022;00:00;30578,26
2.01.2022;01:00;29114,41
2.01.2022;02:00;27808,78
2.01.2022;03:00;27205,46
2.01.2022;04:00;26862,67
2.01.2022;05:00;26853,37
2.01.2022;06:00;27121
2.01.2022;07:00;27814,75
2.01.2022;08:00;27968,86
2.01.2022;09:00;29373,64
2.01.2022;10:00;30804,27
2.01.2022;11:00;31527,62
2.01.2022;12:00;31655,67
2.01.2022;13:00;32394,97
2.01.2022;14:00;32637,51
2.01.2022;15:00;32902,45
2.01.2022;16:00;33616,67
2.01.2022;17:00;35767,45
2.01.2022;18:00;37635,04
2.01.2022;19:00;37464,84
2.01.2022;20:00;36911,55
2.01.2022;21:00;35964,27
2.01.2022;22:00;35388,44
2.01.2022;23:00;33947,93
3.01.2022;00:00;32035,61
3.01.2022;01:00;30287,64
3.01.2022;02:00;29065,51
3.01.2022;03:00;28532,27
3.01.2022;04:00;28557,2
3.01.2022;05:00;28878,56
3.01.2022;06:00;30416,76
3.01.2022;07:00;33670,75
3.01.2022;08:00;39036,53
3.01.2022;09:00;41146,62
3.01.2022;10:00;40478,72
3.01.2022;11:00;40116,7
3.01.2022;12:00;38073,17
3.01.2022;13:00;38024,73
3.01.2022;14:00;38999,41
3.01.2022;15:00;39942,47
3.01.2022;16:00;41659,21
3.01.2022;17:00;43646,84
3.01.2022;18:00;43810,33
3.01.2022;19:00;42511,87
3.01.2022;20:00;41349,8
3.01.2022;21:00;40469,35
3.01.2022;22:00;38950,49
3.01.2022;23:00;37426,52
4.01.2022;00:00;35069,5
4.01.2022;01:00;33212,65
4.01.2022;02:00;32278,35
4.01.2022;03:00;31385,7
4.01.2022;04:00;31238,26
4.01.2022;05:00;31734,8
4.01.2022;06:00;33032,78
4.01.2022;07:00;35667,24
4.01.2022;08:00;40297
4.01.2022;09:00;42386,55
4.01.2022;10:00;42407,54
4.01.2022;11:00;42179,11
4.01.2022;12:00;40064,62
4.01.2022;13:00;40122,86
4.01.2022;14:00;40844,04
4.01.2022;15:00;40886,71
4.01.2022;16:00;42099,44
4.01.2022;17:00;43486,64
4.01.2022;18:00;43675,15
4.01.2022;19:00;42678,16
4.01.2022;20:00;41703,45
4.01.2022;21:00;40609,3
4.01.2022;22:00;39436,01
4.01.2022;23:00;37635,86
5.01.2022;00:00;35393,09
5.01.2022;01:00;33751,86
5.01.2022;02:00;32573,98
5.01.2022;03:00;31979,71
5.01.2022;04:00;31698,54
5.01.2022;05:00;32235,55
5.01.2022;06:00;33470,97
5.01.2022;07:00;36146,42
5.01.2022;08:00;40356,49
5.01.2022;09:00;42143,17
5.01.2022;10:00;41577,62
5.01.2022;11:00;40873,63
5.01.2022;12:00;38797,68
5.01.2022;13:00;38849,2
5.01.2022;14:00;39686,64
5.01.2022;15:00;40309,85
5.01.2022;16:00;41934,61
5.01.2022;17:00;43441,02
5.01.2022;18:00;43583,53
5.01.2022;19:00;42424,15
5.01.2022;20:00;41724,58
5.01.2022;21:00;40695,68
5.01.2022;22:00;39579,78
5.01.2022;23:00;37724,44
6.01.2022;00:00;35595,24
6.01.2022;01:00;33557,76
6.01.2022;02:00;32483,61
6.01.2022;03:00;31693,5
6.01.2022;04:00;31687,39
6.01.2022;05:00;32017,76
6.01.2022;06:00;33027,52
6.01.2022;07:00;36119,22
6.01.2022;08:00;40289,4
6.01.2022;09:00;41699,54
6.01.2022;10:00;41520,83
6.01.2022;11:00;41218,32
6.01.2022;12:00;39442,23
6.01.2022;13:00;39641,08
6.01.2022;14:00;40600,92
6.01.2022;15:00;40792,74
6.01.2022;16:00;41401,75
6.01.2022;17:00;43102,84
6.01.2022;18:00;43167,46
6.01.2022;19:00;42448,87
6.01.2022;20:00;41324,79
6.01.2022;21:00;40337,21
6.01.2022;22:00;39087,48
6.01.2022;23:00;37269,28
7.01.2022;00:00;35111,38
7.01.2022;01:00;33404,44
7.01.2022;02:00;32253,07
7.01.2022;03:00;31631,82
7.01.2022;04:00;31428,47
7.01.2022;05:00;31945,97
7.01.2022;06:00;32934,12
7.01.2022;07:00;35497,81
7.01.2022;08:00;39793,09
7.01.2022;09:00;42094,9
7.01.2022;10:00;42519,44
7.01.2022;11:00;42714,06
7.01.2022;12:00;40439,86
7.01.2022;13:00;39500,79
7.01.2022;14:00;41148,05
7.01.2022;15:00;41346,19
7.01.2022;16:00;42297,39
7.01.2022;17:00;43199,19
7.01.2022;18:00;43222,99
7.01.2022;19:00;42107,51
7.01.2022;20:00;41005,03
7.01.2022;21:00;39993,91
7.01.2022;22:00;38903,93
7.01.2022;23:00;37435,06
8.01.2022;00:00;35284,36
8.01.2022;01:00;33526,06
8.01.2022;02:00;32412,88
8.01.2022;03:00;31589,86
8.01.2022;04:00;31275,64
8.01.2022;05:00;31450,82
8.01.2022;06:00;31977,03
8.01.2022;07:00;33094
8.01.2022;08:00;35868,29
8.01.2022;09:00;37717,01
8.01.2022;10:00;38223,12
8.01.2022;11:00;38490,67
8.01.2022;12:00;37304,59
8.01.2022;13:00;37488,41
8.01.2022;14:00;37767,27
8.01.2022;15:00;37804,53
8.01.2022;16:00;38505,97
8.01.2022;17:00;39998,14
8.01.2022;18:00;41401,41
8.01.2022;19:00;40515,84
8.01.2022;20:00;39525,21
8.01.2022;21:00;38538,3
8.01.2022;22:00;37558,31
8.01.2022;23:00;35822,21
9.01.2022;00:00;33420,14
9.01.2022;01:00;32008,86
9.01.2022;02:00;30609,59
9.01.2022;03:00;30055,75
9.01.2022;04:00;29410,94
9.01.2022;05:00;29195,33
9.01.2022;06:00;29430,31
9.01.2022;07:00;29526,72
9.01.2022;08:00;29315,04
9.01.2022;09:00;30215,98
9.01.2022;10:00;31135,81
9.01.2022;11:00;31697,17
9.01.2022;12:00;31916,67
9.01.2022;13:00;32475,24
9.01.2022;14:00;32890,59
9.01.2022;15:00;33336,33
9.01.2022;16:00;34544,07
9.01.2022;17:00;36399,52
9.01.2022;18:00;38190,38
9.01.2022;19:00;37996,75
9.01.2022;20:00;37281,16
9.01.2022;21:00;36394,25
9.01.2022;22:00;35350,92
9.01.2022;23:00;34272,36
10.01.2022;00:00;32413,19
10.01.2022;01:00;30753,03
10.01.2022;02:00;29904,67
10.01.2022;03:00;29314,19
10.01.2022;04:00;29094,67
10.01.2022;05:00;29287,78
10.01.2022;06:00;30740,67
10.01.2022;07:00;33884,7
10.01.2022;08:00;39393,6
10.01.2022;09:00;42393,4
10.01.2022;10:00;43067,4
10.01.2022;11:00;43459,05
10.01.2022;12:00;42007,61
10.01.2022;13:00;42422,71
10.01.2022;14:00;43376,53
10.01.2022;15:00;43460,12
10.01.2022;16:00;44146,22
10.01.2022;17:00;44467,37
10.01.2022;18:00;43960,04
10.01.2022;19:00;42694,56
10.01.2022;20:00;41862,72
10.01.2022;21:00;40698,53
10.01.2022;22:00;39502,89
10.01.2022;23:00;37807,13
11.01.2022;00:00;35456,3
11.01.2022;01:00;33816,01
11.01.2022;02:00;32530,43
11.01.2022;03:00;31751,98
11.01.2022;04:00;31629,63
11.01.2022;05:00;31942,24
11.01.2022;06:00;33298,06
11.01.2022;07:00;35948,72
11.01.2022;08:00;40282,07
11.01.2022;09:00;42739,07
11.01.2022;10:00;43379,25
11.01.2022;11:00;44229,68
11.01.2022;12:00;42804,39
11.01.2022;13:00;43261,26
11.01.2022;14:00;44066,41
11.01.2022;15:00;44026,69
11.01.2022;16:00;44569,54
11.01.2022;17:00;45131,01
11.01.2022;18:00;44332,98
11.01.2022;19:00;43101,87
11.01.2022;20:00;42103,33
11.01.2022;21:00;40983,09
11.01.2022;22:00;39722,68
11.01.2022;23:00;37894,8
12.01.2022;00:00;35596,3
12.01.2022;01:00;33937,04
12.01.2022;02:00;32823,97
12.01.2022;03:00;32148,58
12.01.2022;04:00;31865,02
12.01.2022;05:00;32133,01
12.01.2022;06:00;33421,59
12.01.2022;07:00;36115,97
12.01.2022;08:00;40919,72
12.01.2022;09:00;43861,25
12.01.2022;10:00;44963,68
12.01.2022;11:00;45854,43
12.01.2022;12:00;44479,77
12.01.2022;13:00;45049,32
12.01.2022;14:00;45624,93
12.01.2022;15:00;45682,97
12.01.2022;16:00;45931,88
12.01.2022;17:00;46161,77
12.01.2022;18:00;45571,93
12.01.2022;19:00;44212,15
12.01.2022;20:00;43054,24
12.01.2022;21:00;41865,18
12.01.2022;22:00;40676,05
12.01.2022;23:00;38918,07
13.01.2022;00:00;36650,44
13.01.2022;01:00;34738,79
13.01.2022;02:00;33373,29
13.01.2022;03:00;32641,38
13.01.2022;04:00;32507,8
13.01.2022;05:00;32814,73
13.01.2022;06:00;33756,22
13.01.2022;07:00;36792,9
13.01.2022;08:00;42002,85
13.01.2022;09:00;44775,02
13.01.2022;10:00;45554,22
13.01.2022;11:00;45615,58
13.01.2022;12:00;44081,49
13.01.2022;13:00;44345,21
13.01.2022;14:00;44959,13
13.01.2022;15:00;45133,92
13.01.2022;16:00;45920,46
13.01.2022;17:00;46509,58
13.01.2022;18:00;45932,05
13.01.2022;19:00;44726,5
13.01.2022;20:00;43598,12
13.01.2022;21:00;42461,53
13.01.2022;22:00;40877,2
13.01.2022;23:00;39299,32
14.01.2022;00:00;36876,99
14.01.2022;01:00;35021,83
14.01.2022;02:00;33722,44
14.01.2022;03:00;32876,59
14.01.2022;04:00;32546,07
14.01.2022;05:00;32948,5
14.01.2022;06:00;34328,77
14.01.2022;07:00;37129,19
14.01.2022;08:00;41942,55
14.01.2022;09:00;43875,32
14.01.2022;10:00;43513,29
14.01.2022;11:00;43273,34
14.01.2022;12:00;41021,73
14.01.2022;13:00;39317,98
14.01.2022;14:00;40981,94
14.01.2022;15:00;41686,16
14.01.2022;16:00;43244,08
14.01.2022;17:00;44931,82
14.01.2022;18:00;45463,92
14.01.2022;19:00;44350,42
14.01.2022;20:00;43268,44
14.01.2022;21:00;42117,65
14.01.2022;22:00;40920,7
14.01.2022;23:00;39121,93
15.01.2022;00:00;36965,7
15.01.2022;01:00;34991,9
15.01.2022;02:00;33655,18
15.01.2022;03:00;32663,56
15.01.2022;04:00;31932,16
15.01.2022;05:00;32380,17
15.01.2022;06:00;32806,2
15.01.2022;07:00;34242,01
15.01.2022;08:00;37347,54
15.01.2022;09:00;39377,56
15.01.2022;10:00;40204,25
15.01.2022;11:00;40562,51
15.01.2022;12:00;39478,71
15.01.2022;13:00;39327,02
15.01.2022;14:00;39031,31
15.01.2022;15:00;38834,31
15.01.2022;16:00;39527,3
15.01.2022;17:00;41215,85
15.01.2022;18:00;42767,09
15.01.2022;19:00;42404,13
15.01.2022;20:00;41410,9
15.01.2022;21:00;40235,75
15.01.2022;22:00;39199,39
15.01.2022;23:00;37574,12
16.01.2022;00:00;35444,5
16.01.2022;01:00;33258,87
16.01.2022;02:00;31892,79
16.01.2022;03:00;30732,68
16.01.2022;04:00;30438,02
16.01.2022;05:00;30377,01
16.01.2022;06:00;30483,61
16.01.2022;07:00;30728,05
16.01.2022;08:00;30767,03
16.01.2022;09:00;31400,05
16.01.2022;10:00;31621,54
16.01.2022;11:00;31993,32
16.01.2022;12:00;32061,51
16.01.2022;13:00;32494,48
16.01.2022;14:00;32737,26
16.01.2022;15:00;33674,27
16.01.2022;16:00;34667,3
16.01.2022;17:00;37527,89
16.01.2022;18:00;40008,74
16.01.2022;19:00;40049,31
16.01.2022;20:00;39468,08
16.01.2022;21:00;38521,42
16.01.2022;22:00;37463,51
16.01.2022;23:00;35994,73
17.01.2022;00:00;33878,22
17.01.2022;01:00;32159,27
17.01.2022;02:00;31052,29
17.01.2022;03:00;30456,75
17.01.2022;04:00;30140,14
17.01.2022;05:00;30555,33
17.01.2022;06:00;32102
17.01.2022;07:00;35548,35
17.01.2022;08:00;41185,11
17.01.2022;09:00;43628,77
17.01.2022;10:00;43070,34
17.01.2022;11:00;42819,57
17.01.2022;12:00;40946,29
17.01.2022;13:00;40786,84
17.01.2022;14:00;41669,55
17.01.2022;15:00;42172,11
17.01.2022;16:00;43838,75
17.01.2022;17:00;45551,64
17.01.2022;18:00;45420,54
17.01.2022;19:00;44433,79
17.01.2022;20:00;43488,52
17.01.2022;21:00;42231,58
17.01.2022;22:00;40946,52
17.01.2022;23:00;39194,95
18.01.2022;00:00;36537,64
18.01.2022;01:00;34771,21
18.01.2022;02:00;33438,1
18.01.2022;03:00;32861,83
18.01.2022;04:00;32562,64
18.01.2022;05:00;32769,58
18.01.2022;06:00;33995,38
18.01.2022;07:00;36716,36
18.01.2022;08:00;41881,61
18.01.2022;09:00;45401,53
18.01.2022;10:00;46517,82
18.01.2022;11:00;47375
18.01.2022;12:00;46561,43
18.01.2022;13:00;46612,04
18.01.2022;14:00;47376,26
18.01.2022;15:00;46687,26
18.01.2022;16:00;46798,42
18.01.2022;17:00;46892,18
18.01.2022;18:00;46588,34
18.01.2022;19:00;45243,68
18.01.2022;20:00;43956,89
18.01.2022;21:00;42854,57
18.01.2022;22:00;41328,27
18.01.2022;23:00;39525,43
19.01.2022;00:00;36974,84
19.01.2022;01:00;35100,71
19.01.2022;02:00;33672,29
19.01.2022;03:00;32725,9
19.01.2022;04:00;32232,06
19.01.2022;05:00;32385,96
19.01.2022;06:00;33313,91
19.01.2022;07:00;36501,43
19.01.2022;08:00;41276,87
19.01.2022;09:00;43990,56
19.01.2022;10:00;44758,27
19.01.2022;11:00;43604,01
19.01.2022;12:00;42567,24
19.01.2022;13:00;43112,71
19.01.2022;14:00;43560,12
19.01.2022;15:00;43627,9
19.01.2022;16:00;45266,51
19.01.2022;17:00;45659,32
19.01.2022;18:00;45465,78
19.01.2022;19:00;44618,04
19.01.2022;20:00;43372,24
19.01.2022;21:00;42100,81
19.01.2022;22:00;40783,06
19.01.2022;23:00;39061,16
20.01.2022;00:00;36524,33
20.01.2022;01:00;34694,62
20.01.2022;02:00;33537,56
20.01.2022;03:00;32632,45
20.01.2022;04:00;32417,98
20.01.2022;05:00;32802,29
20.01.2022;06:00;33886,88
20.01.2022;07:00;36458,43
20.01.2022;08:00;41402,36
20.01.2022;09:00;43972,12
20.01.2022;10:00;44404,96
20.01.2022;11:00;44497,66
20.01.2022;12:00;42991,17
20.01.2022;13:00;42840,27
20.01.2022;14:00;43459,7
20.01.2022;15:00;43435,8
20.01.2022;16:00;44489,93
20.01.2022;17:00;45587,87
20.01.2022;18:00;46091,03
20.01.2022;19:00;45149,37
20.01.2022;20:00;44027,87
20.01.2022;21:00;42862,69
20.01.2022;22:00;41449,93
20.01.2022;23:00;39463,6
21.01.2022;00:00;37033,34
21.01.2022;01:00;35116,38
21.01.2022;02:00;33769,56
21.01.2022;03:00;32982,72
21.01.2022;04:00;32669,75
21.01.2022;05:00;33026,85
21.01.2022;06:00;34112,61
21.01.2022;07:00;36575,12
21.01.2022;08:00;41439,37
21.01.2022;09:00;43939,23
21.01.2022;10:00;44322,66
21.01.2022;11:00;44643,43
21.01.2022;12:00;42916,96
21.01.2022;13:00;41969,48
21.01.2022;14:00;43936,01
21.01.2022;15:00;44675,28
21.01.2022;16:00;45479,4
21.01.2022;17:00;45942,69
21.01.2022;18:00;45319,5
21.01.2022;19:00;44024,87
21.01.2022;20:00;42666,51
21.01.2022;21:00;41769,28
21.01.2022;22:00;40471,25
21.01.2022;23:00;38750,14
22.01.2022;00:00;36584,37
22.01.2022;01:00;34655,29
22.01.2022;02:00;33153,8
22.01.2022;03:00;32149,55
22.01.2022;04:00;31765
22.01.2022;05:00;31858,41
22.01.2022;06:00;32491,61
22.01.2022;07:00;33625,03
22.01.2022;08:00;36518,11
22.01.2022;09:00;39675,76
22.01.2022;10:00;41988,96
22.01.2022;11:00;43188,9
22.01.2022;12:00;42758,06
22.01.2022;13:00;42738,78
22.01.2022;14:00;42983,14
22.01.2022;15:00;42427,01
22.01.2022;16:00;42274,76
22.01.2022;17:00;42223,69
22.01.2022;18:00;42552,11
22.01.2022;19:00;42548,05
22.01.2022;20:00;41380,85
22.01.2022;21:00;40172,18
22.01.2022;22:00;39012,24
22.01.2022;23:00;37397,32
23.01.2022;00:00;35332,04
23.01.2022;01:00;33398,54
23.01.2022;02:00;31813,08
23.01.2022;03:00;31023,59
23.01.2022;04:00;30604,14
23.01.2022;05:00;30535,03
23.01.2022;06:00;30708,94
23.01.2022;07:00;30918,67
23.01.2022;08:00;31141,64
23.01.2022;09:00;32833,51
23.01.2022;10:00;34546,52
23.01.2022;11:00;35837,82
23.01.2022;12:00;36442,5
23.01.2022;13:00;36919,69
23.01.2022;14:00;36969,48
23.01.2022;15:00;37035,11
23.01.2022;16:00;37103,18
23.01.2022;17:00;38068,92
23.01.2022;18:00;39921,95
23.01.2022;19:00;39645,5
23.01.2022;20:00;39066,11
23.01.2022;21:00;37811,3
23.01.2022;22:00;36437,29
23.01.2022;23:00;34466,52
24.01.2022;00:00;31883,11
24.01.2022;01:00;29820,01
24.01.2022;02:00;28510,5
24.01.2022;03:00;27443,6
24.01.2022;04:00;27546,35
24.01.2022;05:00;27950,98
24.01.2022;06:00;28800,58
24.01.2022;07:00;30974,24
24.01.2022;08:00;35673,4
24.01.2022;09:00;39549,54
24.01.2022;10:00;41131,8
24.01.2022;11:00;42165,71
24.01.2022;12:00;41336,93
24.01.2022;13:00;41374,35
24.01.2022;14:00;41762,94
24.01.2022;15:00;41427,13
24.01.2022;16:00;41170,77
24.01.2022;17:00;41509,13
24.01.2022;18:00;41555,04
24.01.2022;19:00;40510,92
24.01.2022;20:00;39194,07
24.01.2022;21:00;37949,83
24.01.2022;22:00;36550,51
24.01.2022;23:00;34781,06
25.01.2022;00:00;32596,52
25.01.2022;01:00;30895,06
25.01.2022;02:00;29582,38
25.01.2022;03:00;28817,37
25.01.2022;04:00;28485,24
25.01.2022;05:00;28649,9
25.01.2022;06:00;29324,15
25.01.2022;07:00;31028,96
25.01.2022;08:00;34750,35
25.01.2022;09:00;38272,93
25.01.2022;10:00;39968,52
25.01.2022;11:00;40962,97
25.01.2022;12:00;40517,44
25.01.2022;13:00;40740,23
25.01.2022;14:00;41090,08
25.01.2022;15:00;40902,3
25.01.2022;16:00;40811,81
25.01.2022;17:00;41017,16
25.01.2022;18:00;41015,47
25.01.2022;19:00;39366,27
25.01.2022;20:00;38830,34
25.01.2022;21:00;37350,33
25.01.2022;22:00;36135,71
25.01.2022;23:00;34001,73
26.01.2022;00:00;31511,87
26.01.2022;01:00;29690,33
26.01.2022;02:00;28389,58
26.01.2022;03:00;27613,58
26.01.2022;04:00;27350,01
26.01.2022;05:00;27499,23
26.01.2022;06:00;28528,08
26.01.2022;07:00;30106,11
26.01.2022;08:00;34007,88
26.01.2022;09:00;37673,2
26.01.2022;10:00;39326,96
26.01.2022;11:00;40195,95
26.01.2022;12:00;39842,35
26.01.2022;13:00;40039,98
26.01.2022;14:00;40033,13
26.01.2022;15:00;39582,32
26.01.2022;16:00;39664,91
26.01.2022;17:00;40096,33
26.01.2022;18:00;40349,86
26.01.2022;19:00;39446,23
26.01.2022;20:00;38290,49
26.01.2022;21:00;36909,31
26.01.2022;22:00;35810,31
26.01.2022;23:00;34127,08
27.01.2022;00:00;32360,6
27.01.2022;01:00;30751,65
27.01.2022;02:00;29457,19
27.01.2022;03:00;28771,43
27.01.2022;04:00;28399,84
27.01.2022;05:00;28425,78
27.01.2022;06:00;29421,54
27.01.2022;07:00;31439,91
27.01.2022;08:00;35668,29
27.01.2022;09:00;39549,27
27.01.2022;10:00;40948,37
27.01.2022;11:00;41645,7
27.01.2022;12:00;40599,32
27.01.2022;13:00;40647,54
27.01.2022;14:00;40876,69
27.01.2022;15:00;40394,06
27.01.2022;16:00;40673,05
27.01.2022;17:00;41441,71
27.01.2022;18:00;41648,81
27.01.2022;19:00;41063,36
27.01.2022;20:00;39764,66
27.01.2022;21:00;38500,96
27.01.2022;22:00;37412,53
27.01.2022;23:00;35771,53
28.01.2022;00:00;33672,07
28.01.2022;01:00;31891,64
28.01.2022;02:00;30674,44
28.01.2022;03:00;29748,63
28.01.2022;04:00;29450,73
28.01.2022;05:00;29639,48
28.01.2022;06:00;30527,35
28.01.2022;07:00;32523,79
28.01.2022;08:00;37118,54
28.01.2022;09:00;40300,4
28.01.2022;10:00;41293,64
28.01.2022;11:00;41748,88
28.01.2022;12:00;40497,65
28.01.2022;13:00;39300,38
28.01.2022;14:00;40288,99
28.01.2022;15:00;40268,85
28.01.2022;16:00;40684,61
28.01.2022;17:00;41365,67
28.01.2022;18:00;41850,91
28.01.2022;19:00;40964,45
28.01.2022;20:00;39958,24
28.01.2022;21:00;38945,78
28.01.2022;22:00;37968,65
28.01.2022;23:00;36501,54
29.01.2022;00:00;34970,88
29.01.2022;01:00;33220,74
29.01.2022;02:00;31749,72
29.01.2022;03:00;31136,08
29.01.2022;04:00;30645,3
29.01.2022;05:00;30894,89
29.01.2022;06:00;31514,26
29.01.2022;07:00;32811,4
29.01.2022;08:00;35934,24
29.01.2022;09:00;38690,36
29.01.2022;10:00;40114,57
29.01.2022;11:00;40776,61
29.01.2022;12:00;40240,62
29.01.2022;13:00;40227,75
29.01.2022;14:00;40153,3
29.01.2022;15:00;39661,43
29.01.2022;16:00;39859,82
29.01.2022;17:00;40534,77
29.01.2022;18:00;41908,73
29.01.2022;19:00;41643,22
29.01.2022;20:00;40673,99
29.01.2022;21:00;39480,9
29.01.2022;22:00;38466,04
29.01.2022;23:00;36749,27
30.01.2022;00:00;34785,26
30.01.2022;01:00;32735,27
30.01.2022;02:00;31216,16
30.01.2022;03:00;30312,56
30.01.2022;04:00;29947,52
30.01.2022;05:00;29748,87
30.01.2022;06:00;30173,03
30.01.2022;07:00;30239,18
30.01.2022;08:00;30518,18
30.01.2022;09:00;32101,26
30.01.2022;10:00;33577,21
30.01.2022;11:00;34518,34
30.01.2022;12:00;34872,93
30.01.2022;13:00;35202,61
30.01.2022;14:00;35219,08
30.01.2022;15:00;35652,86
30.01.2022;16:00;36378,24
30.01.2022;17:00;37460,95
30.01.2022;18:00;39107,37
30.01.2022;19:00;39456,35
30.01.2022;20:00;38473,85
30.01.2022;21:00;37430,46
30.01.2022;22:00;36589,42
30.01.2022;23:00;35197,18
31.01.2022;00:00;33669,56
31.01.2022;01:00;31848,74
31.01.2022;02:00;30456,7
31.01.2022;03:00;29726,02
31.01.2022;04:00;29650,96
31.01.2022;05:00;29874,87
31.01.2022;06:00;31003,34
31.01.2022;07:00;33342,77
31.01.2022;08:00;39168,79
31.01.2022;09:00;43200,68
31.01.2022;10:00;44913,98
31.01.2022;11:00;45570,85
31.01.2022;12:00;44404,96
31.01.2022;13:00;44441,76
31.01.2022;14:00;44706,82
31.01.2022;15:00;43980,86
31.01.2022;16:00;43784,59
31.01.2022;17:00;44117,08
31.01.2022;18:00;44139,03
31.01.2022;19:00;43338,9
31.01.2022;20:00;42242,35
31.01.2022;21:00;41240,65
31.01.2022;22:00;39929,33
31.01.2022;23:00;38308,92
1.02.2022;00:00;36215,08
1.02.2022;01:00;34281,93
1.02.2022;02:00;32966,93
1.02.2022;03:00;32324,6
1.02.2022;04:00;32102,96
1.02.2022;05:00;32259,53
1.02.2022;06:00;33252,56
1.02.2022;07:00;35166,5
1.02.2022;08:00;40095,3
1.02.2022;09:00;43245,03
1.02.2022;10:00;44310,15
1.02.2022;11:00;44755,81
1.02.2022;12:00;43393,75
1.02.2022;13:00;43626,66
1.02.2022;14:00;44156,41
1.02.2022;15:00;43956,12
1.02.2022;16:00;44659,94
1.02.2022;17:00;44562,02
1.02.2022;18:00;44213,89
1.02.2022;19:00;43207,66
1.02.2022;20:00;42113,8
1.02.2022;21:00;40733,92
1.02.2022;22:00;39701,01
1.02.2022;23:00;37951,63
2.02.2022;00:00;36053,79
2.02.2022;01:00;34080,32
2.02.2022;02:00;32802,43
2.02.2022;03:00;32139,73
2.02.2022;04:00;31741,67
2.02.2022;05:00;32079,69
2.02.2022;06:00;33144,26
2.02.2022;07:00;34665,87
2.02.2022;08:00;39421,76
2.02.2022;09:00;42677,39
2.02.2022;10:00;43969,93
2.02.2022;11:00;44226,39
2.02.2022;12:00;43368,5
2.02.2022;13:00;43672,83
2.02.2022;14:00;44035,76
2.02.2022;15:00;43331,68
2.02.2022;16:00;43730,97
2.02.2022;17:00;43979,65
2.02.2022;18:00;43824,56
2.02.2022;19:00;42967,67
2.02.2022;20:00;41761,93
2.02.2022;21:00;40599,34
2.02.2022;22:00;39583,38
2.02.2022;23:00;37937,25
3.02.2022;00:00;35815,85
3.02.2022;01:00;33959,6
3.02.2022;02:00;32745,17
3.02.2022;03:00;32098,43
3.02.2022;04:00;31701,06
3.02.2022;05:00;31988,12
3.02.2022;06:00;32719,1
3.02.2022;07:00;34304,06
3.02.2022;08:00;39155,95
3.02.2022;09:00;41626,75
3.02.2022;10:00;42733,14
3.02.2022;11:00;42928,92
3.02.2022;12:00;41779,26
3.02.2022;13:00;42478,92
3.02.2022;14:00;43525,53
3.02.2022;15:00;43962,88
3.02.2022;16:00;44443,27
3.02.2022;17:00;45026,18
3.02.2022;18:00;43833,61
3.02.2022;19:00;42839,93
3.02.2022;20:00;41814,63
3.02.2022;21:00;40462,04
3.02.2022;22:00;39657,61
3.02.2022;23:00;37771,91
4.02.2022;00:00;36104,85
4.02.2022;01:00;34326,49
4.02.2022;02:00;32916,26
4.02.2022;03:00;32142,51
4.02.2022;04:00;31805,74
4.02.2022;05:00;32066,33
4.02.2022;06:00;32924,93
4.02.2022;07:00;34555,21
4.02.2022;08:00;39463,27
4.02.2022;09:00;42621,99
4.02.2022;10:00;43387,89
4.02.2022;11:00;44001,09
4.02.2022;12:00;42791,83
4.02.2022;13:00;41730,11
4.02.2022;14:00;42795,16
4.02.2022;15:00;42729
4.02.2022;16:00;43000,49
4.02.2022;17:00;43362,6
4.02.2022;18:00;43077,36
4.02.2022;19:00;42633,65
4.02.2022;20:00;41727,56
4.02.2022;21:00;40654,19
4.02.2022;22:00;39216,45
4.02.2022;23:00;38378,62
5.02.2022;00:00;36190,82
5.02.2022;01:00;34303,81
5.02.2022;02:00;32319,28
5.02.2022;03:00;31802,5
5.02.2022;04:00;31458,79
5.02.2022;05:00;31581,42
5.02.2022;06:00;32137,34
5.02.2022;07:00;33045,76
5.02.2022;08:00;36025,68
5.02.2022;09:00;37215,35
5.02.2022;10:00;37708,16
5.02.2022;11:00;37762,32
5.02.2022;12:00;36357,29
5.02.2022;13:00;36107,34
5.02.2022;14:00;35837,86
5.02.2022;15:00;35431,08
5.02.2022;16:00;36072,07
5.02.2022;17:00;38214,95
5.02.2022;18:00;40653,43
5.02.2022;19:00;41210,15
5.02.2022;20:00;40301,39
5.02.2022;21:00;39255,33
5.02.2022;22:00;38058,01
5.02.2022;23:00;36587,34
6.02.2022;00:00;34741,78
6.02.2022;01:00;32612,61
6.02.2022;02:00;30915,05
6.02.2022;03:00;30102,07
6.02.2022;04:00;29496,31
6.02.2022;05:00;29451,52
6.02.2022;06:00;29354,82
6.02.2022;07:00;29127,07
6.02.2022;08:00;28653
6.02.2022;09:00;29037,7
6.02.2022;10:00;29793
6.02.2022;11:00;29858,7
6.02.2022;12:00;29985,88
6.02.2022;13:00;29465,2
6.02.2022;14:00;30073,28
6.02.2022;15:00;30846,61
6.02.2022;16:00;31868,71
6.02.2022;17:00;34144,91
6.02.2022;18:00;37049,37
6.02.2022;19:00;38241,25
6.02.2022;20:00;37717,65
6.02.2022;21:00;36989,83
6.02.2022;22:00;36069,34
6.02.2022;23:00;34903,98
7.02.2022;00:00;32855,95
7.02.2022;01:00;30988,13
7.02.2022;02:00;29951,4
7.02.2022;03:00;29384,85
7.02.2022;04:00;29196,81
7.02.2022;05:00;29491,96
7.02.2022;06:00;30985,82
7.02.2022;07:00;33971,04
7.02.2022;08:00;39195,9
7.02.2022;09:00;40947,07
7.02.2022;10:00;40396,19
7.02.2022;11:00;39896,86
7.02.2022;12:00;38247,45
7.02.2022;13:00;38530,14
7.02.2022;14:00;39573,27
7.02.2022;15:00;40234,8
7.02.2022;16:00;41330,13
7.02.2022;17:00;42289,63
7.02.2022;18:00;42615,11
7.02.2022;19:00;42151,42
7.02.2022;20:00;41087,98
7.02.2022;21:00;39945,84
7.02.2022;22:00;38683,92
7.02.2022;23:00;37199,71
8.02.2022;00:00;34657,72
8.02.2022;01:00;32940,15
8.02.2022;02:00;31977,15
8.02.2022;03:00;31230,2
8.02.2022;04:00;31277,82
8.02.2022;05:00;31618,66
8.02.2022;06:00;32832,96
8.02.2022;07:00;35003,71
8.02.2022;08:00;39852,64
8.02.2022;09:00;42492,19
8.02.2022;10:00;43098,5
8.02.2022;11:00;44028,52
8.02.2022;12:00;42775,1
8.02.2022;13:00;43071,18
8.02.2022;14:00;43824,17
8.02.2022;15:00;43918,63
8.02.2022;16:00;44160,16
8.02.2022;17:00;44249,91
8.02.2022;18:00;43698,35
8.02.2022;19:00;43078,88
8.02.2022;20:00;41935,94
8.02.2022;21:00;40828,49
8.02.2022;22:00;39330,69
8.02.2022;23:00;37645,88
9.02.2022;00:00;35625,63
9.02.2022;01:00;33832,05
9.02.2022;02:00;32545,66
9.02.2022;03:00;31858,84
9.02.2022;04:00;31627,19
9.02.2022;05:00;31890,53
9.02.2022;06:00;33089,54
9.02.2022;07:00;35682,92
9.02.2022;08:00;40577,92
9.02.2022;09:00;43031,44
9.02.2022;10:00;43670,49
9.02.2022;11:00;44082,05
9.02.2022;12:00;42579,36
9.02.2022;13:00;42790,28
9.02.2022;14:00;42412,85
9.02.2022;15:00;42856,99
9.02.2022;16:00;43336,39
9.02.2022;17:00;43540,37
9.02.2022;18:00;43052,51
9.02.2022;19:00;42965,37
9.02.2022;20:00;41968,19
9.02.2022;21:00;40331,93
9.02.2022;22:00;39620,25
9.02.2022;23:00;37968,26
10.02.2022;00:00;35480,09
10.02.2022;01:00;33695,55
10.02.2022;02:00;32606,88
10.02.2022;03:00;31843,71
10.02.2022;04:00;31671,97
10.02.2022;05:00;31866,08
10.02.2022;06:00;33053,54
10.02.2022;07:00;35475,9
10.02.2022;08:00;39987,18
10.02.2022;09:00;42611,72
10.02.2022;10:00;42709,16
10.02.2022;11:00;42579,86
10.02.2022;12:00;40627,04
10.02.2022;13:00;40653,34
10.02.2022;14:00;40837,54
10.02.2022;15:00;40989,68
10.02.2022;16:00;41568,17
10.02.2022;17:00;42259,01
10.02.2022;18:00;42756,14
10.02.2022;19:00;42784,19
10.02.2022;20:00;41959,09
10.02.2022;21:00;40789,28
10.02.2022;22:00;39728,66
10.02.2022;23:00;38315,18
11.02.2022;00:00;35778,46
11.02.2022;01:00;33830,88
11.02.2022;02:00;32552,09
11.02.2022;03:00;31825,88
11.02.2022;04:00;31558,15
11.02.2022;05:00;31858,31
11.02.2022;06:00;33113,91
11.02.2022;07:00;35332,23
11.02.2022;08:00;39454,25
11.02.2022;09:00;40943,87
11.02.2022;10:00;40387,58
11.02.2022;11:00;39768,8
11.02.2022;12:00;37434,29
11.02.2022;13:00;35787,95
11.02.2022;14:00;37012,26
11.02.2022;15:00;37322,77
11.02.2022;16:00;38332,94
11.02.2022;17:00;39883,08
11.02.2022;18:00;41210,36
11.02.2022;19:00;41669,07
11.02.2022;20:00;40832,01
11.02.2022;21:00;39874,85
11.02.2022;22:00;39089,98
11.02.2022;23:00;37834,34
12.02.2022;00:00;35467,11
12.02.2022;01:00;33480,45
12.02.2022;02:00;32192,67
12.02.2022;03:00;31523,7
12.02.2022;04:00;31234,34
12.02.2022;05:00;31398,23
12.02.2022;06:00;32215,69
12.02.2022;07:00;32855,77
12.02.2022;08:00;35296,1
12.02.2022;09:00;36377,89
12.02.2022;10:00;36375
12.02.2022;11:00;36019,83
12.02.2022;12:00;34469,51
12.02.2022;13:00;34076,63
12.02.2022;14:00;33725,24
12.02.2022;15:00;33451,81
12.02.2022;16:00;34315,53
12.02.2022;17:00;36262,74
12.02.2022;18:00;38950,99
12.02.2022;19:00;39814,21
12.02.2022;20:00;39211,28
12.02.2022;21:00;37845,45
12.02.2022;22:00;37153,98
12.02.2022;23:00;36793,44
13.02.2022;00:00;34184,77
13.02.2022;01:00;32383,37
13.02.2022;02:00;30984,78
13.02.2022;03:00;30028,01
13.02.2022;04:00;29561,09
13.02.2022;05:00;29453,21
13.02.2022;06:00;29722,26
13.02.2022;07:00;29326,27
13.02.2022;08:00;28775,94
13.02.2022;09:00;29131,1
13.02.2022;10:00;29638,99
13.02.2022;11:00;29999,54
13.02.2022;12:00;29775,3
13.02.2022;13:00;29970,5
13.02.2022;14:00;30254,56
13.02.2022;15:00;31020,49
13.02.2022;16:00;32025,63
13.02.2022;17:00;34357,85
13.02.2022;18:00;36944,28
13.02.2022;19:00;38086,81
13.02.2022;20:00;37600,98
13.02.2022;21:00;36675,24
13.02.2022;22:00;36206,32
13.02.2022;23:00;34547,88
14.02.2022;00:00;33087,71
14.02.2022;01:00;31309,51
14.02.2022;02:00;29895,71
14.02.2022;03:00;29250,78
14.02.2022;04:00;29006,42
14.02.2022;05:00;29511,98
14.02.2022;06:00;31041,18
14.02.2022;07:00;33694,75
14.02.2022;08:00;38867,17
14.02.2022;09:00;41385,48
14.02.2022;10:00;41725,23
14.02.2022;11:00;41845,86
14.02.2022;12:00;39892,14
14.02.2022;13:00;40144,95
14.02.2022;14:00;40869,32
14.02.2022;15:00;41062,02
14.02.2022;16:00;41772,79
14.02.2022;17:00;42525,96
14.02.2022;18:00;42376,46
14.02.2022;19:00;42080,09
14.02.2022;20:00;41524,73
14.02.2022;21:00;40403,66
14.02.2022;22:00;39455,04
14.02.2022;23:00;37187,96
15.02.2022;00:00;35593,08
15.02.2022;01:00;33796,66
15.02.2022;02:00;32546,24
15.02.2022;03:00;31834,19
15.02.2022;04:00;31657,14
15.02.2022;05:00;32035,89
15.02.2022;06:00;33360,18
15.02.2022;07:00;35625,75
15.02.2022;08:00;40190,27
15.02.2022;09:00;42191,15
15.02.2022;10:00;41731,4
15.02.2022;11:00;41241,89
15.02.2022;12:00;38950,53
15.02.2022;13:00;38710,73
15.02.2022;14:00;39160,32
15.02.2022;15:00;39183,71
15.02.2022;16:00;40097,83
15.02.2022;17:00;41163,14
15.02.2022;18:00;41999,48
15.02.2022;19:00;42246,55
15.02.2022;20:00;41713,34
15.02.2022;21:00;40588,8
15.02.2022;22:00;39713,91
15.02.2022;23:00;38258,29
16.02.2022;00:00;35720,65
16.02.2022;01:00;33564,98
16.02.2022;02:00;32468,18
16.02.2022;03:00;31699,17
16.02.2022;04:00;31554,16
16.02.2022;05:00;31901,53
16.02.2022;06:00;33249,3
16.02.2022;07:00;35395,17
16.02.2022;08:00;39769,37
16.02.2022;09:00;41219,76
16.02.2022;10:00;40479,33
16.02.2022;11:00;39802,05
16.02.2022;12:00;37661,25
16.02.2022;13:00;37537,72
16.02.2022;14:00;38254,73
16.02.2022;15:00;38093,03
16.02.2022;16:00;39127,14
16.02.2022;17:00;40362,79
16.02.2022;18:00;41505,02
16.02.2022;19:00;42035,84
16.02.2022;20:00;41300,32
16.02.2022;21:00;40365,64
16.02.2022;22:00;39352,48
16.02.2022;23:00;38091,73
17.02.2022;00:00;35526,07
17.02.2022;01:00;33661,53
17.02.2022;02:00;32328,46
17.02.2022;03:00;31647,78
17.02.2022;04:00;31440,18
17.02.2022;05:00;31753,86
17.02.2022;06:00;33011,83
17.02.2022;07:00;35120,6
17.02.2022;08:00;39577,87
17.02.2022;09:00;41157,78
17.02.2022;10:00;40375,83
17.02.2022;11:00;39341,75
17.02.2022;12:00;37051,98
17.02.2022;13:00;37120,96
17.02.2022;14:00;37810,08
17.02.2022;15:00;38007,84
17.02.2022;16:00;39426,09
17.02.2022;17:00;40624,07
17.02.2022;18:00;41873,24
17.02.2022;19:00;42213,3
17.02.2022;20:00;41404,44
17.02.2022;21:00;40230,24
17.02.2022;22:00;39397,99
17.02.2022;23:00;37641,16
18.02.2022;00:00;35314,1
18.02.2022;01:00;33629,11
18.02.2022;02:00;32390,1
18.02.2022;03:00;31660,18
18.02.2022;04:00;31445,5
18.02.2022;05:00;31863,56
18.02.2022;06:00;32775,01
18.02.2022;07:00;34439,33
18.02.2022;08:00;39322,48
18.02.2022;09:00;41252,93
18.02.2022;10:00;41008,37
18.02.2022;11:00;40874,53
18.02.2022;12:00;39406,53
18.02.2022;13:00;38219,06
18.02.2022;14:00;39985,69
18.02.2022;15:00;40505
18.02.2022;16:00;40685,51
18.02.2022;17:00;41744,63
18.02.2022;18:00;41896,38
18.02.2022;19:00;42092,03
18.02.2022;20:00;41220,05
18.02.2022;21:00;40145,01
18.02.2022;22:00;39105,38
18.02.2022;23:00;37897,86
19.02.2022;00:00;35659,39
19.02.2022;01:00;33893,3
19.02.2022;02:00;32465,26
19.02.2022;03:00;31649,03
19.02.2022;04:00;31441,6
19.02.2022;05:00;31859,94
19.02.2022;06:00;32211,8
19.02.2022;07:00;32737,5
19.02.2022;08:00;35832,86
19.02.2022;09:00;37728,26
19.02.2022;10:00;37946,79
19.02.2022;11:00;36887,53
19.02.2022;12:00;35744,38
19.02.2022;13:00;35266,4
19.02.2022;14:00;35087,07
19.02.2022;15:00;34726,76
19.02.2022;16:00;35481,69
19.02.2022;17:00;36676,11
19.02.2022;18:00;38879,47
19.02.2022;19:00;40364,06
19.02.2022;20:00;39492,87
19.02.2022;21:00;38597,7
19.02.2022;22:00;37990,78
19.02.2022;23:00;36462,08
20.02.2022;00:00;34258,37
20.02.2022;01:00;32112,89
20.02.2022;02:00;30533
20.02.2022;03:00;29624,06
20.02.2022;04:00;29331,11
20.02.2022;05:00;29364,65
20.02.2022;06:00;29459,49
20.02.2022;07:00;28673,33
20.02.2022;08:00;28028,95
20.02.2022;09:00;28989,08
20.02.2022;10:00;29214,18
20.02.2022;11:00;28810,35
20.02.2022;12:00;28494,47
20.02.2022;13:00;28276,34
20.02.2022;14:00;28530,61
20.02.2022;15:00;28721,48
20.02.2022;16:00;30453,73
20.02.2022;17:00;32820,14
20.02.2022;18:00;35095,55
20.02.2022;19:00;37283,32
20.02.2022;20:00;36768,38
20.02.2022;21:00;36151,42
20.02.2022;22:00;35292,64
20.02.2022;23:00;33965,92
21.02.2022;00:00;32186,2
21.02.2022;01:00;30448,55
21.02.2022;02:00;29449,03
21.02.2022;03:00;28806,76
21.02.2022;04:00;28624,52
21.02.2022;05:00;29047,73
21.02.2022;06:00;30348,2
21.02.2022;07:00;32678,9
21.02.2022;08:00;37612,06
21.02.2022;09:00;39574,52
21.02.2022;10:00;39418,8
21.02.2022;11:00;38829,73
21.02.2022;12:00;36586,84
21.02.2022;13:00;36427,81
21.02.2022;14:00;37178,87
21.02.2022;15:00;37338,59
21.02.2022;16:00;38581,59
21.02.2022;17:00;39720,41
21.02.2022;18:00;40494,61
21.02.2022;19:00;41226,81
21.02.2022;20:00;40450,89
21.02.2022;21:00;39258,91
21.02.2022;22:00;38323,52
21.02.2022;23:00;36977,72
22.02.2022;00:00;34519,99
22.02.2022;01:00;32912,52
22.02.2022;02:00;31687,96
22.02.2022;03:00;30908,82
22.02.2022;04:00;30799,66
22.02.2022;05:00;31121,96
22.02.2022;06:00;32414,18
22.02.2022;07:00;34074,89
22.02.2022;08:00;38369,77
22.02.2022;09:00;39902,51
22.02.2022;10:00;39929,68
22.02.2022;11:00;39985,26
22.02.2022;12:00;38618,67
22.02.2022;13:00;39060,42
22.02.2022;14:00;39835,75
22.02.2022;15:00;39631,42
22.02.2022;16:00;40127,77
22.02.2022;17:00;40536,16
22.02.2022;18:00;41026,3
22.02.2022;19:00;41484,03
22.02.2022;20:00;40374,98
22.02.2022;21:00;39063,31
22.02.2022;22:00;38495,27
22.02.2022;23:00;36941,22
23.02.2022;00:00;34609,23
23.02.2022;01:00;32901,61
23.02.2022;02:00;31864,43
23.02.2022;03:00;31142,43
23.02.2022;04:00;30956,08
23.02.2022;05:00;31020,29
23.02.2022;06:00;32312,08
23.02.2022;07:00;33883,04
23.02.2022;08:00;38316,28
23.02.2022;09:00;39704,72
23.02.2022;10:00;39336,69
23.02.2022;11:00;38540,83
23.02.2022;12:00;37251,63
23.02.2022;13:00;37512,84
23.02.2022;14:00;37984,35
23.02.2022;15:00;39042,84
23.02.2022;16:00;39814,74
23.02.2022;17:00;40854,84
23.02.2022;18:00;41432,68
23.02.2022;19:00;41890,51
23.02.2022;20:00;40932,49
23.02.2022;21:00;39631,5
23.02.2022;22:00;38892,59
23.02.2022;23:00;37303,49
24.02.2022;00:00;34984,2
24.02.2022;01:00;33225,45
24.02.2022;02:00;32053,03
24.02.2022;03:00;31440,09
24.02.2022;04:00;31310,32
24.02.2022;05:00;31613,72
24.02.2022;06:00;32686,53
24.02.2022;07:00;34623,89
24.02.2022;08:00;39293,21
24.02.2022;09:00;41591,85
24.02.2022;10:00;41794,4
24.02.2022;11:00;42181,47
24.02.2022;12:00;40414,08
24.02.2022;13:00;40993,27
24.02.2022;14:00;42393,59
24.02.2022;15:00;42415,29
24.02.2022;16:00;43037,56
24.02.2022;17:00;42835,95
24.02.2022;18:00;42521,9
24.02.2022;19:00;42518,9
24.02.2022;20:00;41350,51
24.02.2022;21:00;40072,86
24.02.2022;22:00;39036,47
24.02.2022;23:00;37581,44
25.02.2022;00:00;35197,55
25.02.2022;01:00;33343,24
25.02.2022;02:00;32180,32
25.02.2022;03:00;31399,92
25.02.2022;04:00;31207,04
25.02.2022;05:00;31591,73
25.02.2022;06:00;32814,54
25.02.2022;07:00;34782,15
25.02.2022;08:00;39911,21
25.02.2022;09:00;41986,93
25.02.2022;10:00;42349,02
25.02.2022;11:00;42656,36
25.02.2022;12:00;41394,46
25.02.2022;13:00;40278,03
25.02.2022;14:00;41948,65
25.02.2022;15:00;41919,27
25.02.2022;16:00;42162,14
25.02.2022;17:00;42222,52
25.02.2022;18:00;41664,53
25.02.2022;19:00;42215,22
25.02.2022;20:00;41221,55
25.02.2022;21:00;39940,98
25.02.2022;22:00;39082,59
25.02.2022;23:00;37826,83
26.02.2022;00:00;35592,25
26.02.2022;01:00;33638,38
26.02.2022;02:00;32389
26.02.2022;03:00;31369,41
26.02.2022;04:00;31205,52
26.02.2022;05:00;31365,58
26.02.2022;06:00;32026,61
26.02.2022;07:00;32354,88
26.02.2022;08:00;35456,26
26.02.2022;09:00;37417,69
26.02.2022;10:00;37947,57
26.02.2022;11:00;37857,33
26.02.2022;12:00;36526,63
26.02.2022;13:00;36364,21
26.02.2022;14:00;36289,54
26.02.2022;15:00;35869,19
26.02.2022;16:00;36445,46
26.02.2022;17:00;37296,82
26.02.2022;18:00;38932,02
26.02.2022;19:00;40111,69
26.02.2022;20:00;39494,53
26.02.2022;21:00;38458,06
26.02.2022;22:00;37714,02
26.02.2022;23:00;35940,87
27.02.2022;00:00;33831,31
27.02.2022;01:00;32025,06
27.02.2022;02:00;30461,34
27.02.2022;03:00;29608,17
27.02.2022;04:00;29113,63
27.02.2022;05:00;29154,87
27.02.2022;06:00;29140,62
27.02.2022;07:00;28291,92
27.02.2022;08:00;27973,95
27.02.2022;09:00;28609,21
27.02.2022;10:00;29365,88
27.02.2022;11:00;29671,37
27.02.2022;12:00;30042,04
27.02.2022;13:00;30744,93
27.02.2022;14:00;31380,3
27.02.2022;15:00;31932,36
27.02.2022;16:00;33001,78
27.02.2022;17:00;34459,03
27.02.2022;18:00;36355,31
27.02.2022;19:00;37922,46
27.02.2022;20:00;37447,41
27.02.2022;21:00;36347
27.02.2022;22:00;35690,01
27.02.2022;23:00;34506,89
28.02.2022;00:00;32399,65
28.02.2022;01:00;30683,25
28.02.2022;02:00;29485,9
28.02.2022;03:00;28979,34
28.02.2022;04:00;28878,98
28.02.2022;05:00;29332,88
28.02.2022;06:00;30526,23
28.02.2022;07:00;32676,71
28.02.2022;08:00;38053,34
28.02.2022;09:00;40516,97
28.02.2022;10:00;41094,47
28.02.2022;11:00;41417,94
28.02.2022;12:00;40071,75
28.02.2022;13:00;40549,47
28.02.2022;14:00;41583,76
28.02.2022;15:00;41851,56
28.02.2022;16:00;42251,38
28.02.2022;17:00;42555,24
28.02.2022;18:00;42235,26
28.02.2022;19:00;42497,12
28.02.2022;20:00;41600,22
28.02.2022;21:00;40473,94
28.02.2022;22:00;39365,27
28.02.2022;23:00;37848,12
1.03.2022;00:00;35311,05
1.03.2022;01:00;33364,97
1.03.2022;02:00;32348,49
1.03.2022;03:00;31768,54
1.03.2022;04:00;31588,27
1.03.2022;05:00;31994,66
1.03.2022;06:00;33074,73
1.03.2022;07:00;34861,38
1.03.2022;08:00;40011,4
1.03.2022;09:00;42807,52
1.03.2022;10:00;43392,1
1.03.2022;11:00;43799,23
1.03.2022;12:00;42200,6
1.03.2022;13:00;42457,8
1.03.2022;14:00;43158,8
1.03.2022;15:00;42734,45
1.03.2022;16:00;43153,85
1.03.2022;17:00;43241,97
1.03.2022;18:00;42670,25
1.03.2022;19:00;43159,63
1.03.2022;20:00;42149,44
1.03.2022;21:00;40642,83
1.03.2022;22:00;39491,86
1.03.2022;23:00;38204,02
2.03.2022;00:00;35628,25
2.03.2022;01:00;33763,29
2.03.2022;02:00;32730,82
2.03.2022;03:00;31864,29
2.03.2022;04:00;31582,87
2.03.2022;05:00;31886,35
2.03.2022;06:00;33127,88
2.03.2022;07:00;35006,51
2.03.2022;08:00;40321,03
2.03.2022;09:00;42869,45
2.03.2022;10:00;43608,28
2.03.2022;11:00;43987,24
2.03.2022;12:00;42652,4
2.03.2022;13:00;43421,28
2.03.2022;14:00;43979,41
2.03.2022;15:00;43638,81
2.03.2022;16:00;44305,42
2.03.2022;17:00;43859,7
2.03.2022;18:00;43047,41
2.03.2022;19:00;43055,7
2.03.2022;20:00;42049,8
2.03.2022;21:00;40745,63
2.03.2022;22:00;39675,11
2.03.2022;23:00;38053,78
3.03.2022;00:00;35371,6
3.03.2022;01:00;33717,43
3.03.2022;02:00;32292,07
3.03.2022;03:00;31558,24
3.03.2022;04:00;31421,75
3.03.2022;05:00;31742,23
3.03.2022;06:00;32689,03
3.03.2022;07:00;34520,25
3.03.2022;08:00;39513,12
3.03.2022;09:00;42372,92
3.03.2022;10:00;42970,54
3.03.2022;11:00;43425
3.03.2022;12:00;41906,12
3.03.2022;13:00;41735,76
3.03.2022;14:00;42529,1
3.03.2022;15:00;42317,39
3.03.2022;16:00;42335,42
3.03.2022;17:00;41842,15
3.03.2022;18:00;41776,71
3.03.2022;19:00;42361,8
3.03.2022;20:00;41400,74
3.03.2022;21:00;40626,35
3.03.2022;22:00;39277,17
3.03.2022;23:00;37669,94
4.03.2022;00:00;35266,12
4.03.2022;01:00;33486,18
4.03.2022;02:00;32286,9
4.03.2022;03:00;31429,42
4.03.2022;04:00;31212,69
4.03.2022;05:00;31844,84
4.03.2022;06:00;32945,1
4.03.2022;07:00;34648,95
4.03.2022;08:00;39271,62
4.03.2022;09:00;41095,97
4.03.2022;10:00;40835,1
4.03.2022;11:00;40814,02
4.03.2022;12:00;38674,15
4.03.2022;13:00;37148,09
4.03.2022;14:00;38934,28
4.03.2022;15:00;39687,51
4.03.2022;16:00;40567,36
4.03.2022;17:00;41146,33
4.03.2022;18:00;40910,75
4.03.2022;19:00;41922,56
4.03.2022;20:00;41364,18
4.03.2022;21:00;40307,02
4.03.2022;22:00;39107,74
4.03.2022;23:00;37688,4
5.03.2022;00:00;35593,41
5.03.2022;01:00;33487,79
5.03.2022;02:00;32289,31
5.03.2022;03:00;31262,9
5.03.2022;04:00;31155,31
5.03.2022;05:00;31366,21
5.03.2022;06:00;31855,12
5.03.2022;07:00;31783,59
5.03.2022;08:00;34515,98
5.03.2022;09:00;36068,17
5.03.2022;10:00;36760,6
5.03.2022;11:00;37324,52
5.03.2022;12:00;36273,3
5.03.2022;13:00;36627,36
5.03.2022;14:00;36900,65
5.03.2022;15:00;36848,35
5.03.2022;16:00;37090,38
5.03.2022;17:00;37702,27
5.03.2022;18:00;38943,76
5.03.2022;19:00;40166,32
5.03.2022;20:00;39472,81
5.03.2022;21:00;38468,49
5.03.2022;22:00;37165,13
5.03.2022;23:00;35863,43
6.03.2022;00:00;33441,5
6.03.2022;01:00;30812,33
6.03.2022;02:00;30176,69
6.03.2022;03:00;29265,57
6.03.2022;04:00;28613,98
6.03.2022;05:00;29014,03
6.03.2022;06:00;29013,41
6.03.2022;07:00;27951,87
6.03.2022;08:00;28405,05
6.03.2022;09:00;29857,18
6.03.2022;10:00;31482,03
6.03.2022;11:00;31923,55
6.03.2022;12:00;31629,49
6.03.2022;13:00;31766,64
6.03.2022;14:00;31865,84
6.03.2022;15:00;32162,13
6.03.2022;16:00;32943,53
6.03.2022;17:00;33856,45
6.03.2022;18:00;35582,77
6.03.2022;19:00;37457,59
6.03.2022;20:00;37260,05
6.03.2022;21:00;36407,71
6.03.2022;22:00;35478,65
6.03.2022;23:00;33902,88
7.03.2022;00:00;32118,01
7.03.2022;01:00;30390,94
7.03.2022;02:00;29085,89
7.03.2022;03:00;28494,63
7.03.2022;04:00;28642,07
7.03.2022;05:00;29161,86
7.03.2022;06:00;30314,86
7.03.2022;07:00;32239,12
7.03.2022;08:00;37625,28
7.03.2022;09:00;39910,32
7.03.2022;10:00;40043,38
7.03.2022;11:00;40318,41
7.03.2022;12:00;38933,01
7.03.2022;13:00;39749,64
7.03.2022;14:00;40967,01
7.03.2022;15:00;40948,21
7.03.2022;16:00;41404,4
7.03.2022;17:00;41571,94
7.03.2022;18:00;41385,41
7.03.2022;19:00;41764,15
7.03.2022;20:00;40853,34
7.03.2022;21:00;39994,59
7.03.2022;22:00;38940,09
7.03.2022;23:00;37372,63
8.03.2022;00:00;35054,28
8.03.2022;01:00;33319,36
8.03.2022;02:00;32098,31
8.03.2022;03:00;31200,43
8.03.2022;04:00;31038,69
8.03.2022;05:00;31465,2
8.03.2022;06:00;32504,99
8.03.2022;07:00;34103,39
8.03.2022;08:00;38832,57
8.03.2022;09:00;40398,71
8.03.2022;10:00;40572,67
8.03.2022;11:00;41064,93
8.03.2022;12:00;39256,88
8.03.2022;13:00;39623,57
8.03.2022;14:00;40577,19
8.03.2022;15:00;40718,29
8.03.2022;16:00;41526,11
8.03.2022;17:00;41886,2
8.03.2022;18:00;41272,01
8.03.2022;19:00;41903,77
8.03.2022;20:00;41184,03
8.03.2022;21:00;39985,35
8.03.2022;22:00;38797,56
8.03.2022;23:00;37395,93
9.03.2022;00:00;35114,8
9.03.2022;01:00;33193,73
9.03.2022;02:00;31974,64
9.03.2022;03:00;31241,95
9.03.2022;04:00;30999,89
9.03.2022;05:00;31402,37
9.03.2022;06:00;32399,84
9.03.2022;07:00;33824,39
9.03.2022;08:00;39387,29
9.03.2022;09:00;41999
9.03.2022;10:00;42117,38
9.03.2022;11:00;42053,3
9.03.2022;12:00;40324,85
9.03.2022;13:00;40541,61
9.03.2022;14:00;41273,61
9.03.2022;15:00;41114,13
9.03.2022;16:00;41975,89
9.03.2022;17:00;42124,76
9.03.2022;18:00;41773,12
9.03.2022;19:00;42238,15
9.03.2022;20:00;41503,02
9.03.2022;21:00;40276,16
9.03.2022;22:00;39239,74
9.03.2022;23:00;37601,44
10.03.2022;00:00;35443,85
10.03.2022;01:00;33490,17
10.03.2022;02:00;32296,21
10.03.2022;03:00;31501,15
10.03.2022;04:00;31320,23
10.03.2022;05:00;31836,2
10.03.2022;06:00;32605,76
10.03.2022;07:00;33677,09
10.03.2022;08:00;38864,22
10.03.2022;09:00;41570,64
10.03.2022;10:00;41912,74
10.03.2022;11:00;42167,6
10.03.2022;12:00;40606,17
10.03.2022;13:00;40917,41
10.03.2022;14:00;41675,95
10.03.2022;15:00;41670,37
10.03.2022;16:00;42104,59
10.03.2022;17:00;42398,85
10.03.2022;18:00;41971,54
10.03.2022;19:00;42636,82
10.03.2022;20:00;41758,97
10.03.2022;21:00;40581,38
10.03.2022;22:00;39274,61
10.03.2022;23:00;37715,78
11.03.2022;00:00;35496,71
11.03.2022;01:00;33543,57
11.03.2022;02:00;32108,36
11.03.2022;03:00;31389,6
11.03.2022;04:00;30890,48
11.03.2022;05:00;31436,07
11.03.2022;06:00;32278,82
11.03.2022;07:00;33195,45
11.03.2022;08:00;37910,62
11.03.2022;09:00;40654,04
11.03.2022;10:00;41220,64
11.03.2022;11:00;41927,66
11.03.2022;12:00;40324,74
11.03.2022;13:00;39236,05
11.03.2022;14:00;40964,24
11.03.2022;15:00;40700,7
11.03.2022;16:00;40983,66
11.03.2022;17:00;41186,4
11.03.2022;18:00;40976,64
11.03.2022;19:00;42019,24
11.03.2022;20:00;41349,22
11.03.2022;21:00;40223,92
11.03.2022;22:00;39002,25
11.03.2022;23:00;37495,83
12.03.2022;00:00;35384,27
12.03.2022;01:00;33439,79
12.03.2022;02:00;32108,73
12.03.2022;03:00;31324,7
12.03.2022;04:00;30976,14
12.03.2022;05:00;31196,42
12.03.2022;06:00;31642,89
12.03.2022;07:00;31532,47
12.03.2022;08:00;34113,46
12.03.2022;09:00;36093,47
12.03.2022;10:00;36880,11
12.03.2022;11:00;37538,33
12.03.2022;12:00;36743,9
12.03.2022;13:00;36910,23
12.03.2022;14:00;36867,57
12.03.2022;15:00;36852,82
12.03.2022;16:00;37267,78
12.03.2022;17:00;38217,7
12.03.2022;18:00;39666,49
12.03.2022;19:00;41060,71
12.03.2022;20:00;40304,96
12.03.2022;21:00;38914,69
12.03.2022;22:00;37861,39
12.03.2022;23:00;36373,96
13.03.2022;00:00;34297,96
13.03.2022;01:00;32295,62
13.03.2022;02:00;30665,94
13.03.2022;03:00;29744,38
13.03.2022;04:00;29297,65
13.03.2022;05:00;29331,49
13.03.2022;06:00;29327,42
13.03.2022;07:00;28101,69
13.03.2022;08:00;28389,03
13.03.2022;09:00;29249,7
13.03.2022;10:00;30280,36
13.03.2022;11:00;31207,25
13.03.2022;12:00;31503,1
13.03.2022;13:00;32031,78
13.03.2022;14:00;32246,13
13.03.2022;15:00;32512,27
13.03.2022;16:00;33064,96
13.03.2022;17:00;34340,36
13.03.2022;18:00;36335,3
13.03.2022;19:00;38638,7
13.03.2022;20:00;38548,21
13.03.2022;21:00;37460,11
13.03.2022;22:00;36452,81
13.03.2022;23:00;35095,71
14.03.2022;00:00;33146,8
14.03.2022;01:00;31179,57
14.03.2022;02:00;29980,73
14.03.2022;03:00;29299,23
14.03.2022;04:00;29118,69
14.03.2022;05:00;29616,34
14.03.2022;06:00;30489,94
14.03.2022;07:00;33050,93
14.03.2022;08:00;38658,38
14.03.2022;09:00;41305
14.03.2022;10:00;41718,66
14.03.2022;11:00;41521,48
14.03.2022;12:00;40181,1
14.03.2022;13:00;40622,98
14.03.2022;14:00;41102,28
14.03.2022;15:00;40998,85
14.03.2022;16:00;41858,79
14.03.2022;17:00;42336,35
14.03.2022;18:00;42347,14
14.03.2022;19:00;43482,06
14.03.2022;20:00;42840,28
14.03.2022;21:00;41537,66
14.03.2022;22:00;40319,2
14.03.2022;23:00;38390,37
15.03.2022;00:00;35826,6
15.03.2022;01:00;33931,56
15.03.2022;02:00;32660,15
15.03.2022;03:00;31943,03
15.03.2022;04:00;31770,54
15.03.2022;05:00;32195,51
15.03.2022;06:00;33154,78
15.03.2022;07:00;34560,44
15.03.2022;08:00;39533,25
15.03.2022;09:00;41456,62
15.03.2022;10:00;41512,19
15.03.2022;11:00;41418,75
15.03.2022;12:00;39771,26
15.03.2022;13:00;39864,53
15.03.2022;14:00;40311,23
15.03.2022;15:00;39910,19
15.03.2022;16:00;40688,96
15.03.2022;17:00;41606,34
15.03.2022;18:00;41695,1
15.03.2022;19:00;43379,12
15.03.2022;20:00;42867,59
15.03.2022;21:00;41600,06
15.03.2022;22:00;40271,33
15.03.2022;23:00;38433,19
16.03.2022;00:00;35987,05
16.03.2022;01:00;33927,51
16.03.2022;02:00;32609,74
16.03.2022;03:00;31750,61
16.03.2022;04:00;31563,06
16.03.2022;05:00;32111,52
16.03.2022;06:00;33159,97
16.03.2022;07:00;34601,8
16.03.2022;08:00;39424,79
16.03.2022;09:00;41561,4
16.03.2022;10:00;41909,28
16.03.2022;11:00;42471,03
16.03.2022;12:00;40753,5
16.03.2022;13:00;40797,53
16.03.2022;14:00;41259,27
16.03.2022;15:00;41024,46
16.03.2022;16:00;41890,11
16.03.2022;17:00;42883,78
16.03.2022;18:00;42827,13
16.03.2022;19:00;43516,27
16.03.2022;20:00;42796,07
16.03.2022;21:00;41558,63
16.03.2022;22:00;40435,66
16.03.2022;23:00;38522,97
17.03.2022;00:00;35991,98
17.03.2022;01:00;34004,76
17.03.2022;02:00;32653,63
17.03.2022;03:00;31950,54
17.03.2022;04:00;31853,1
17.03.2022;05:00;32304,63
17.03.2022;06:00;33177,83
17.03.2022;07:00;34885,58
17.03.2022;08:00;40369,33
17.03.2022;09:00;42867,12
17.03.2022;10:00;43142,09
17.03.2022;11:00;42950,55
17.03.2022;12:00;41003,61
17.03.2022;13:00;41173,54
17.03.2022;14:00;41890,55
17.03.2022;15:00;42016,55
17.03.2022;16:00;42718,97
17.03.2022;17:00;42816,21
17.03.2022;18:00;42770,25
17.03.2022;19:00;43243,34
17.03.2022;20:00;42808,77
17.03.2022;21:00;41304,4
17.03.2022;22:00;40157,54
17.03.2022;23:00;38641,95
18.03.2022;00:00;36102,84
18.03.2022;01:00;34258,73
18.03.2022;02:00;33030,18
18.03.2022;03:00;32251,96
18.03.2022;04:00;32119,24
18.03.2022;05:00;32641,34
18.03.2022;06:00;33288,09
18.03.2022;07:00;34876,85
18.03.2022;08:00;40142,9
18.03.2022;09:00;42285,03
18.03.2022;10:00;42335,19
18.03.2022;11:00;42692,54
18.03.2022;12:00;41155,74
18.03.2022;13:00;40096,32
18.03.2022;14:00;42101,93
18.03.2022;15:00;42180,57
18.03.2022;16:00;42892,04
18.03.2022;17:00;43215,27
18.03.2022;18:00;42967,28
18.03.2022;19:00;43768,25
18.03.2022;20:00;43122,57
18.03.2022;21:00;41583,14
18.03.2022;22:00;40500,38
18.03.2022;23:00;38937,06
19.03.2022;00:00;36628,74
19.03.2022;01:00;34649,99
19.03.2022;02:00;33132,53
19.03.2022;03:00;32193,72
19.03.2022;04:00;31841,77
19.03.2022;05:00;32318,61
19.03.2022;06:00;32492,57
19.03.2022;07:00;32540,72
19.03.2022;08:00;35955,8
19.03.2022;09:00;37969,64
19.03.2022;10:00;38804,16
19.03.2022;11:00;39358,47
19.03.2022;12:00;38720,41
19.03.2022;13:00;38652,35
19.03.2022;14:00;38935,76
19.03.2022;15:00;38280,24
19.03.2022;16:00;38493,19
19.03.2022;17:00;39228,85
19.03.2022;18:00;40697,53
19.03.2022;19:00;42231,11
19.03.2022;20:00;41800,01
19.03.2022;21:00;40427,65
19.03.2022;22:00;39356,34
19.03.2022;23:00;37868,92
20.03.2022;00:00;35248,98
20.03.2022;01:00;33433,56
20.03.2022;02:00;31738,35
20.03.2022;03:00;30837,7
20.03.2022;04:00;29941,58
20.03.2022;05:00;30345,53
20.03.2022;06:00;30188,29
20.03.2022;07:00;28782,3
20.03.2022;08:00;28741,62
20.03.2022;09:00;29197,51
20.03.2022;10:00;30276,97
20.03.2022;11:00;31067,14
20.03.2022;12:00;31494,22
20.03.2022;13:00;31644,33
20.03.2022;14:00;31678,63
20.03.2022;15:00;32038,62
20.03.2022;16:00;33119,23
20.03.2022;17:00;34884,19
20.03.2022;18:00;36488,18
20.03.2022;19:00;39183,35
20.03.2022;20:00;39120,87
20.03.2022;21:00;38046,36
20.03.2022;22:00;37124,49
20.03.2022;23:00;35372,39
21.03.2022;00:00;33412,11
21.03.2022;01:00;31595,65
21.03.2022;02:00;30365,55
21.03.2022;03:00;29673,42
21.03.2022;04:00;29621,05
21.03.2022;05:00;30455,95
21.03.2022;06:00;31485,78
21.03.2022;07:00;33225,37
21.03.2022;08:00;39015,35
21.03.2022;09:00;41191,05
21.03.2022;10:00;41077,09
21.03.2022;11:00;41293,74
21.03.2022;12:00;39610,83
21.03.2022;13:00;39878,46
21.03.2022;14:00;40714,21
21.03.2022;15:00;40904,43
21.03.2022;16:00;41938,53
21.03.2022;17:00;42372,99
21.03.2022;18:00;42078,89
21.03.2022;19:00;43405,92
21.03.2022;20:00;43019,45
21.03.2022;21:00;41940,74
21.03.2022;22:00;40697,52
21.03.2022;23:00;38830,29
22.03.2022;00:00;36101,94
22.03.2022;01:00;34129,26
22.03.2022;02:00;32854,72
22.03.2022;03:00;32184,74
22.03.2022;04:00;32116,07
22.03.2022;05:00;32641,65
22.03.2022;06:00;33430,64
22.03.2022;07:00;34820,89
22.03.2022;08:00;39990,76
22.03.2022;09:00;41546,44
22.03.2022;10:00;41328,57
22.03.2022;11:00;41607,86
22.03.2022;12:00;40009,86
22.03.2022;13:00;40279,25
22.03.2022;14:00;41159,51
22.03.2022;15:00;41478,99
22.03.2022;16:00;42156,26
22.03.2022;17:00;42551,74
22.03.2022;18:00;42449,4
22.03.2022;19:00;43579,19
22.03.2022;20:00;43214,57
22.03.2022;21:00;41777,1
22.03.2022;22:00;40623,39
22.03.2022;23:00;38653,03
23.03.2022;00:00;35805,73
23.03.2022;01:00;34156,25
23.03.2022;02:00;33024,6
23.03.2022;03:00;32108,25
23.03.2022;04:00;31963,29
23.03.2022;05:00;32568,47
23.03.2022;06:00;33158,94
23.03.2022;07:00;34779,85
23.03.2022;08:00;39582,55
23.03.2022;09:00;41417,69
23.03.2022;10:00;41136,71
23.03.2022;11:00;41338,33
23.03.2022;12:00;39689,04
23.03.2022;13:00;40020,94
23.03.2022;14:00;40826,29
23.03.2022;15:00;40639,1
23.03.2022;16:00;41853,34
23.03.2022;17:00;42299,15
23.03.2022;18:00;42148,89
23.03.2022;19:00;43402,57
23.03.2022;20:00;42438,19
23.03.2022;21:00;41977,87
23.03.2022;22:00;40505,69
23.03.2022;23:00;38705,93
24.03.2022;00:00;35996
24.03.2022;01:00;34128,23
24.03.2022;02:00;32812,4
24.03.2022;03:00;32059,21
24.03.2022;04:00;31931,8
24.03.2022;05:00;32441,74
24.03.2022;06:00;33248,95
24.03.2022;07:00;34484,22
24.03.2022;08:00;39750,21
24.03.2022;09:00;41500,21
24.03.2022;10:00;41171,15
24.03.2022;11:00;41260,94
24.03.2022;12:00;39504,5
24.03.2022;13:00;39607,85
24.03.2022;14:00;40362,46
24.03.2022;15:00;40076,84
24.03.2022;16:00;40550,43
24.03.2022;17:00;41129,1
24.03.2022;18:00;41400,95
24.03.2022;19:00;42698,14
24.03.2022;20:00;42364,74
24.03.2022;21:00;41482,25
24.03.2022;22:00;40064,74
24.03.2022;23:00;38722,31
25.03.2022;00:00;36157,03
25.03.2022;01:00;33935,64
25.03.2022;02:00;32610,01
25.03.2022;03:00;31948,35
25.03.2022;04:00;31616,66
25.03.2022;05:00;32160,69
25.03.2022;06:00;32651,42
25.03.2022;07:00;34573,33
25.03.2022;08:00;39393,6
25.03.2022;09:00;40988,61
25.03.2022;10:00;40707,06
25.03.2022;11:00;40286,6
25.03.2022;12:00;37488,78
25.03.2022;13:00;36161,68
25.03.2022;14:00;37703,74
25.03.2022;15:00;37849,22
25.03.2022;16:00;38716,41
25.03.2022;17:00;39336,53
25.03.2022;18:00;39770,05
25.03.2022;19:00;41400,75
25.03.2022;20:00;41814,86
25.03.2022;21:00;40279,07
25.03.2022;22:00;39318,05
25.03.2022;23:00;37928,71
26.03.2022;00:00;35620,71
26.03.2022;01:00;33744,24
26.03.2022;02:00;32394,02
26.03.2022;03:00;31503,56
26.03.2022;04:00;31206,87
26.03.2022;05:00;31611,98
26.03.2022;06:00;31370,25
26.03.2022;07:00;31477,09
26.03.2022;08:00;34644,42
26.03.2022;09:00;36291,44
26.03.2022;10:00;36839,02
26.03.2022;11:00;37043,72
26.03.2022;12:00;35838,29
26.03.2022;13:00;35849,42
26.03.2022;14:00;35789,38
26.03.2022;15:00;35459,42
26.03.2022;16:00;35167,66
26.03.2022;17:00;36053,86
26.03.2022;18:00;37696,29
26.03.2022;19:00;39729,75
26.03.2022;20:00;40025,75
26.03.2022;21:00;38888,31
26.03.2022;22:00;37750,76
26.03.2022;23:00;36210,32
27.03.2022;00:00;34194,95
27.03.2022;01:00;32099,43
27.03.2022;02:00;30486,75
27.03.2022;03:00;29519,68
27.03.2022;04:00;29166,43
27.03.2022;05:00;29247,79
27.03.2022;06:00;28851,98
27.03.2022;07:00;27297,13
27.03.2022;08:00;27042,86
27.03.2022;09:00;27115,61
27.03.2022;10:00;27668,26
27.03.2022;11:00;27674,98
27.03.2022;12:00;27331,11
27.03.2022;13:00;27012,29
27.03.2022;14:00;26478,46
27.03.2022;15:00;26744,3
27.03.2022;16:00;28000,62
27.03.2022;17:00;30134,94
27.03.2022;18:00;32809,93
27.03.2022;19:00;35810,81
27.03.2022;20:00;36882,33
27.03.2022;21:00;36101,42
27.03.2022;22:00;35633,15
27.03.2022;23:00;34028,47
28.03.2022;00:00;31910,86
28.03.2022;01:00;29982,4
28.03.2022;02:00;28798,94
28.03.2022;03:00;28252,38
28.03.2022;04:00;28163,88
28.03.2022;05:00;28788,43
28.03.2022;06:00;29696,43
28.03.2022;07:00;31299,17
28.03.2022;08:00;36200,14
28.03.2022;09:00;37681,59
28.03.2022;10:00;37114,87
28.03.2022;11:00;36856,57
28.03.2022;12:00;34723,8
28.03.2022;13:00;34580,43
28.03.2022;14:00;35291,09
28.03.2022;15:00;35420,58
28.03.2022;16:00;36503,64
28.03.2022;17:00;37611,52
28.03.2022;18:00;38318,72
28.03.2022;19:00;40280,45
28.03.2022;20:00;40338,94
28.03.2022;21:00;39382,2
28.03.2022;22:00;38214,15
28.03.2022;23:00;36594,25
29.03.2022;00:00;34181,92
29.03.2022;01:00;32404,66
29.03.2022;02:00;31152,78
29.03.2022;03:00;30538,32
29.03.2022;04:00;30368,85
29.03.2022;05:00;30837,55
29.03.2022;06:00;31116,19
29.03.2022;07:00;32229,19
29.03.2022;08:00;36716,83
29.03.2022;09:00;38480,97
29.03.2022;10:00;38426,61
29.03.2022;11:00;38319,42
29.03.2022;12:00;36050,67
29.03.2022;13:00;36196,41
29.03.2022;14:00;37185,29
29.03.2022;15:00;37340,86
29.03.2022;16:00;38127,8
29.03.2022;17:00;38795,96
29.03.2022;18:00;38521,25
29.03.2022;19:00;39835,36
29.03.2022;20:00;39971,78
29.03.2022;21:00;38853,21
29.03.2022;22:00;37836,31
29.03.2022;23:00;36136,33
30.03.2022;00:00;34001,94
30.03.2022;01:00;32153,88
30.03.2022;02:00;31044,83
30.03.2022;03:00;30367,68
30.03.2022;04:00;30159,27
30.03.2022;05:00;30646,36
30.03.2022;06:00;31028,35
30.03.2022;07:00;32338,99
30.03.2022;08:00;36537,45
30.03.2022;09:00;37247,54
30.03.2022;10:00;36134,1
30.03.2022;11:00;35690,52
30.03.2022;12:00;33693,09
30.03.2022;13:00;33593,16
30.03.2022;14:00;34424,87
30.03.2022;15:00;34520,62
30.03.2022;16:00;35779,02
30.03.2022;17:00;36884
30.03.2022;18:00;37352,7
30.03.2022;19:00;39327,73
30.03.2022;20:00;39357,72
30.03.2022;21:00;38425,35
30.03.2022;22:00;37560,01
30.03.2022;23:00;35876,15
31.03.2022;00:00;33582,02
31.03.2022;01:00;31764,98
31.03.2022;02:00;30686,9
31.03.2022;03:00;29780,57
31.03.2022;04:00;29853,51
31.03.2022;05:00;30296,08
31.03.2022;06:00;30377,37
31.03.2022;07:00;31692,23
31.03.2022;08:00;35446,47
31.03.2022;09:00;36712,59
31.03.2022;10:00;36156,03
31.03.2022;11:00;36122,67
31.03.2022;12:00;34389,43
31.03.2022;13:00;34574,16
31.03.2022;14:00;35802,5
31.03.2022;15:00;36087,57
31.03.2022;16:00;37154,94
31.03.2022;17:00;37831,41
31.03.2022;18:00;37458,5
31.03.2022;19:00;38941,59
31.03.2022;20:00;38905,5
31.03.2022;21:00;38162,96
31.03.2022;22:00;37118,62
31.03.2022;23:00;35864,33
